{
  "textures": {
    "particle": "minecraft:block/sugar_cane",
    "cap": "minecraft:block/sugar_cane_cap",
    "side": "minecraft:block/sugar_cane"
  },
  "elements": [
    {
      "from": [ 2, 0, 2 ],
      "to": [ 4, 14, 4 ],
      "faces": {
        "up": { "uv": [ 2, 2, 4, 4 ], "texture": "#cap" },
        "north": { "uv": [ 2, 2, 4, 16 ], "texture": "#side" },
        "south": { "uv": [ 2, 2, 4, 16 ], "texture": "#side" },
        "west": { "uv": [ 2, 2, 4, 16 ], "texture": "#side" },
        "east": { "uv": [ 2, 2, 4, 16 ], "texture": "#side" }
      }
    },
    {
      "from": [ 12, 0, 2 ],
      "to": [ 14, 10, 4 ],
      "faces": {
        "up": { "uv": [ 12, 2, 14, 4 ], "texture": "#cap" },
        "north": { "uv": [ 6, 6, 8, 16 ], "texture": "#side" },
        "south": { "uv": [ 6, 6, 8, 16 ], "texture": "#side" },
        "west": { "uv": [ 6, 6, 8, 16 ], "texture": "#side" },
        "east": { "uv": [ 6, 6, 8, 16 ], "texture": "#side" }
      }
    },
    {
      "from": [ 12, 0, 12 ],
      "to": [ 14, 14, 14 ],
      "faces": {
        "up": { "uv": [ 12, 12, 14, 14 ], "texture": "#cap" },
        "north": { "uv": [ 6, 2, 8, 16 ], "texture": "#side" },
        "south": { "uv": [ 6, 2, 8, 16 ], "texture": "#side" },
        "west": { "uv": [ 6, 2, 8, 16 ], "texture": "#side" },
        "east": { "uv": [ 6, 2, 8, 16 ], "texture": "#side" }
      }
    },
    {
      "from": [ 2, 0, 12 ],
      "to": [ 4, 12, 14 ],
      "faces": {
        "up": { "uv": [ 2, 12, 4, 14 ], "texture": "#cap" },
        "north": { "uv": [ 12, 4, 14, 16 ], "texture": "#side" },
        "south": { "uv": [ 12, 4, 14, 16 ], "texture": "#side" },
        "west": { "uv": [ 12, 4, 14, 16 ], "texture": "#side" },
        "east": { "uv": [ 12, 4, 14, 16 ], "texture": "#side" }
      }
    },
    {
      "from": [ 3, 0, 8 ],
      "to": [ 5, 16, 10 ],
      "faces": {
        "up": { "uv": [ 3, 8, 5, 10 ], "texture": "#cap" },
        "north": { "uv": [ 10, 0, 12, 16 ], "texture": "#side" },
        "south": { "uv": [ 10, 0, 12, 16 ], "texture": "#side" },
        "west": { "uv": [ 10, 0, 12, 16 ], "texture": "#side" },
        "east": { "uv": [ 10, 0, 12, 16 ], "texture": "#side" }
      }
    },
    {
      "from": [ 6, 0, 3 ],
      "to": [ 8, 12, 5 ],
      "faces": {
        "up": { "uv": [ 6, 3, 8, 5 ], "texture": "#cap" },
        "north": { "uv": [ 10, 4, 12, 16 ], "texture": "#side" },
        "south": { "uv": [ 10, 4, 12, 16 ], "texture": "#side" },
        "west": { "uv": [ 10, 4, 12, 16 ], "texture": "#side" },
        "east": { "uv": [ 10, 4, 12, 16 ], "texture": "#side" }
      }
    },
    {
      "from": [ 11, 0, 6 ],
      "to": [ 13, 15, 8 ],
      "faces": {
        "up": { "uv": [ 11, 6, 13, 8 ], "texture": "#cap" },
        "north": { "uv": [ 4, 1, 6, 16 ], "texture": "#side" },
        "south": { "uv": [ 4, 1, 6, 16 ], "texture": "#side" },
        "west": { "uv": [ 6, 1, 8, 16 ], "texture": "#side" },
        "east": { "uv": [ 4, 1, 6, 16 ], "texture": "#side" }
      }
    },
    {
      "from": [ 8, 0, 11 ],
      "to": [ 10, 10, 13 ],
      "faces": {
        "up": { "uv": [ 8, 11, 10, 13 ], "texture": "#cap" },
        "north": { "uv": [ 6, 6, 8, 16 ], "texture": "#side" },
        "south": { "uv": [ 6, 6, 8, 16 ], "texture": "#side" },
        "west": { "uv": [ 6, 6, 8, 16 ], "texture": "#side" },
        "east": { "uv": [ 6, 6, 8, 16 ], "texture": "#side" }
      }
    },
    {
      "from": [ 7, 0, 7 ],
      "to": [ 9, 13, 9 ],
      "faces": {
        "up": { "uv": [ 7, 7, 9, 9 ], "texture": "#cap" },
        "north": { "uv": [ 8, 3, 10, 16 ], "texture": "#side" },
        "south": { "uv": [ 8, 3, 10, 16 ], "texture": "#side" },
        "west": { "uv": [ 8, 3, 10, 16 ], "texture": "#side" },
        "east": { "uv": [ 8, 3, 10, 16 ], "texture": "#side" }
      }
    },
    {
      "from": [ 2, -2, 2 ],
      "to": [ 4, 0, 4 ],
      "faces": {
        "north": { "uv": [ 2, 0, 4, 2 ], "texture": "#side", "cullface": "down" },
        "south": { "uv": [ 2, 0, 4, 2 ], "texture": "#side", "cullface": "down" },
        "west": { "uv": [ 2, 0, 4, 2 ], "texture": "#side", "cullface": "down" },
        "east": { "uv": [ 2, 0, 4, 2 ], "texture": "#side", "cullface": "down" }
      }
    },
    {
      "from": [ 12, -6, 2 ],
      "to": [ 14, 0, 4 ],
      "faces": {
        "north": { "uv": [ 6, 0, 8, 6 ], "texture": "#side", "cullface": "down" },
        "south": { "uv": [ 6, 0, 8, 6 ], "texture": "#side", "cullface": "down" },
        "west": { "uv": [ 6, 0, 8, 6 ], "texture": "#side", "cullface": "down" },
        "east": { "uv": [ 6, 0, 8, 6 ], "texture": "#side", "cullface": "down" }
      }
    },
    {
      "from": [ 12, -2, 12 ],
      "to": [ 14, 0, 14 ],
      "faces": {
        "north": { "uv": [ 6, 0, 8, 2 ], "texture": "#side", "cullface": "down" },
        "south": { "uv": [ 6, 0, 8, 2 ], "texture": "#side", "cullface": "down" },
        "west": { "uv": [ 6, 0, 8, 2 ], "texture": "#side", "cullface": "down" },
        "east": { "uv": [ 6, 0, 8, 2 ], "texture": "#side", "cullface": "down" }
      }
    },
    {
      "from": [ 2, -4, 12 ],
      "to": [ 4, 0, 14 ],
      "faces": {
        "north": { "uv": [ 12, 0, 14, 4 ], "texture": "#side", "cullface": "down" },
        "south": { "uv": [ 12, 0, 14, 4 ], "texture": "#side", "cullface": "down" },
        "west": { "uv": [ 12, 0, 14, 4 ], "texture": "#side", "cullface": "down" },
        "east": { "uv": [ 12, 0, 14, 4 ], "texture": "#side", "cullface": "down" }
      }
    },
    {
      "from": [ 6, -4, 3 ],
      "to": [ 8, 0, 5 ],
      "faces": {
        "north": { "uv": [ 10, 0, 12, 4 ], "texture": "#side", "cullface": "down" },
        "south": { "uv": [ 10, 0, 12, 4 ], "texture": "#side", "cullface": "down" },
        "west": { "uv": [ 10, 0, 12, 4 ], "texture": "#side", "cullface": "down" },
        "east": { "uv": [ 10, 0, 12, 4 ], "texture": "#side", "cullface": "down" }
      }
    },
    {
      "from": [ 11, -1, 6 ],
      "to": [ 13, 0, 8 ],
      "faces": {
        "north": { "uv": [ 4, 0, 6, 1 ], "texture": "#side", "cullface": "down" },
        "south": { "uv": [ 4, 0, 6, 1 ], "texture": "#side", "cullface": "down" },
        "west": { "uv": [ 4, 0, 6, 1 ], "texture": "#side", "cullface": "down" },
        "east": { "uv": [ 4, 0, 6, 1 ], "texture": "#side", "cullface": "down" }
      }
    },
    {
      "from": [ 8, -6, 11 ],
      "to": [ 10, 0, 13 ],
      "faces": {
        "north": { "uv": [ 6, 0, 8, 6 ], "texture": "#side", "cullface": "down" },
        "south": { "uv": [ 6, 0, 8, 6 ], "texture": "#side", "cullface": "down" },
        "west": { "uv": [ 6, 0, 8, 6 ], "texture": "#side", "cullface": "down" },
        "east": { "uv": [ 6, 0, 8, 6 ], "texture": "#side", "cullface": "down" }
      }
    },
    {
      "from": [ 7, -3, 7 ],
      "to": [ 9, 0, 9 ],
      "faces": {
        "north": { "uv": [ 8, 0, 10, 3 ], "texture": "#side", "cullface": "down" },
        "south": { "uv": [ 8, 0, 10, 3 ], "texture": "#side", "cullface": "down" },
        "west": { "uv": [ 8, 0, 10, 3 ], "texture": "#side", "cullface": "down" },
        "east": { "uv": [ 8, 0, 10, 3 ], "texture": "#side", "cullface": "down" }
      }
    },
    {
      "from": [ 6, 6, 7 ],
      "to": [ 7, 8, 9 ],
      "faces": {
        "down": { "uv": [ 6, 7, 7, 9 ], "texture": "#side" },
        "up": { "uv": [ 6, 7, 7, 9 ], "texture": "#side" },
        "north": { "uv": [ 9, 8, 10, 10 ], "texture": "#side" },
        "south": { "uv": [ 6, 8, 7, 10 ], "texture": "#side" },
        "west": { "uv": [ 7, 7, 9, 9 ], "texture": "#cap" }
      }
    }
  ]
}
