{
  "variants": {
    "axis=x": [
      { "model": "minecraft:block/basalt", "x": 90, "y": 90, "weight": 1 },
      { "model": "minecraft:block/basalt", "x": 90, "y": 270, "weight": 1 },
      { "model": "unity:block/basalt_alt", "x": 90, "y": 90, "weight": 1 },
      { "model": "unity:block/basalt_alt", "x": 90, "y": 270, "weight": 1 },
      { "model": "unity:block/basalt_alt2", "x": 90, "y": 90, "weight": 1 },
      { "model": "unity:block/basalt_alt2", "x": 90, "y": 270, "weight": 1 },
      { "model": "unity:block/basalt_alt3", "x": 90, "y": 90, "weight": 1 },
      { "model": "unity:block/basalt_alt3", "x": 90, "y": 270, "weight": 1 }
    ],
    "axis=y": [
      { "model": "minecraft:block/basalt", "weight": 1 },
      { "model": "minecraft:block/basalt", "y": 180, "weight": 1 },
      { "model": "unity:block/basalt_alt", "weight": 1 },
      { "model": "unity:block/basalt_alt", "y": 180, "weight": 1 },
      { "model": "unity:block/basalt_alt2", "weight": 1 },
      { "model": "unity:block/basalt_alt2", "y": 180, "weight": 1 },
      { "model": "unity:block/basalt_alt3", "weight": 1 },
      { "model": "unity:block/basalt_alt3", "y": 180, "weight": 1 },
      { "model": "unity:block/basalt_alt4", "weight": 1 },
      { "model": "unity:block/basalt_alt4", "y": 180, "weight": 1 }
    ],
    "axis=z": [
      { "model": "minecraft:block/basalt", "x": 90, "weight": 1 },
      { "model": "minecraft:block/basalt", "x": 90, "y": 180, "weight": 1 },
      { "model": "unity:block/basalt_alt", "x": 90, "weight": 1 },
      { "model": "unity:block/basalt_alt", "x": 90, "y": 180, "weight": 1 },
      { "model": "unity:block/basalt_alt2", "x": 90, "weight": 1 },
      { "model": "unity:block/basalt_alt2", "x": 90, "y": 180, "weight": 1 },
      { "model": "unity:block/basalt_alt3", "x": 90, "weight": 1 },
      { "model": "unity:block/basalt_alt3", "x": 90, "y": 180, "weight": 1 }
    ]
  }
}
